,Y,predict
2100,100000,1806935
217,190000,1157077
218,200000,1223013
1026,260000,1806935
565,300000,1622970
2112,301693,1806935
464,331464,1622970
290,338570,338570
126,340000,340000
233,354289,1157077
43,360000,1514597
472,395685,1866307
350,410000,939231
165,472249,500488
444,476902,500488
2923,500000,1806935
293,500000,1953003
2628,500000,1622970
1266,500000,1806935
213,500000,1514597
374,500000,1157077
148,500000,1157077
271,500000,1157077
20,500000,1514597
675,550000,1806935
515,550637,1806935
732,551750,1806935
167,552312,500488
479,675205,1622970
71,700000,1514597
440,705805,754866
379,720000,939231
316,779396,754866
119,779396,754866
283,827400,1514597
570,897661,1806935
129,900000,1157077
68,900000,1514597
470,900000,1806935
538,917000,1806935
231,919584,919584
640,950000,1806935
845,950000,1806935
2794,976000,1622970
2583,989000,1806935
253,990000,1953003
1344,990000,1806935
1947,990000,1078000
2895,990000,1806935
1310,990000,1806935
237,990000,1514597
1964,990000,1622970
245,990000,1514597
2682,990000,1806935
537,990000,1622970
232,990000,1223013
922,990000,1425069
1325,990000,1806935
885,990000,1806935
902,990000,1806935
1434,990000,1806935
1876,990000,1806935
154,990000,1514597
155,990000,1514597
1428,990000,1806935
1426,990000,1806935
1887,990000,1806935
872,990000,1622970
878,990000,1806935
173,990000,1514597
177,990000,1514597
1928,990000,1806935
178,990000,1514597
569,990000,1806935
1898,990000,1806935
882,990000,1806935
186,990000,990000
563,990000,1622970
1910,990000,1806935
254,990000,1157077
193,990000,1514597
2368,990000,1806935
555,990000,1622970
1369,990000,1806935
179,990000,1514597
2312,990000,1806935
207,990000,1514597
2310,990000,1622970
2228,990000,1806935
356,990000,1514597
2220,990000,1806935
2217,990000,1622970
359,990000,1514597
1169,990000,1622970
443,990000,1514597
370,990000,1157077
371,990000,996333
442,990000,1514597
375,990000,939231
1143,990000,1806935
1178,990000,1806935
1142,990000,1622970
1131,990000,995000
433,990000,1514597
2197,990000,1622970
2162,990000,1806935
428,990000,1157077
396,990000,1514597
397,990000,1223013
400,990000,1514597
425,990000,990000
407,990000,1514597
410,990000,1514597
417,990000,1157077
435,990000,1157077
256,990000,1157077
1179,990000,1622970
338,990000,2238457
520,990000,1806935
518,990000,1806935
261,990000,1514597
2000,990000,1806935
2307,990000,1622970
954,990000,1622970
955,990000,1806935
1282,990000,1622970
1281,990000,1806935
276,990000,1157077
585,990000,1622970
2285,990000,1622970
1023,990000,2399132
974,990000,1425069
295,990000,1514597
981,990000,1622970
494,990000,1806935
301,990000,1157077
2724,990000,1806935
987,990000,1806935
2046,990000,1806935
317,990000,1514597
319,990000,939231
320,990000,1514597
2065,990000,1622970
330,990000,1514597
294,990000,1898167
282,990000,1514597
1086,990000,1806935
1702,990000,1622970
19,990000,1514597
657,990000,990000
701,990000,1806935
90,990000,990000
616,990000,2407333
2519,990000,1622970
18,990000,1514597
665,990000,1806935
99,990000,1953003
121,990000,1514597
21,990000,1514597
662,990000,1622970
118,990000,1223013
94,990000,1157077
1805,990000,1806935
708,990000,1806935
114,990000,1514597
2523,990000,1806935
113,990000,1514597
619,990000,1806935
1793,990000,1622970
1779,990000,1806935
809,990000,1622970
15,990000,1514597
8,990000,1514597
82,990000,1223013
145,990000,1157077
1743,990000,1622970
1747,990000,1622970
143,990000,1514597
1843,990000,1806935
1699,990000,1806935
62,990000,1157077
2506,990000,1622970
2991,990000,2399132
591,990000,1806935
24,990000,1514597
1470,990000,1622970
67,990000,1514597
51,990000,1157077
107,990000,996333
849,990000,1806935
610,990000,1622970
44,990000,1514597
796,990000,1622970
1821,990000,1806935
1540,990000,1806935
670,990000,1622970
2578,990000,1622970
17,990000,1514597
206,995000,1514597
2293,995000,1622970
529,995000,1806935
2433,995000,1622970
2540,998000,1806935
86,998000,996333
1612,998000,1806935
2282,999000,1806935
2856,999000,1622970
2714,999000,1622970
74,999000,1514597
333,999000,1898167
96,999000,1514597
225,999000,1953003
1598,999000,1622970
2044,999000,1806935
2098,999000,1806935
449,999000,1806935
517,999000,1806935
2616,999000,1806935
645,999000,1806935
431,999000,1157077
713,999000,1622970
1368,999000,1806935
550,999000,1622970
1459,999000,1806935
2148,999000,1622970
894,999000,1622970
175,999000,1514597
125,999000,1514597
880,999000,1806935
195,999900,1514597
1532,999990,1806935
2261,1000000,1806935
1006,1000000,1806935
2190,1000000,1622970
2259,1000000,1806935
2210,1000000,1806935
2512,1000000,1806935
1010,1000000,1806935
2193,1000000,1622970
2258,1000000,1622970
729,1000000,1622970
2254,1000000,1622970
2517,1000000,1622970
694,1000000,1622970
1008,1000000,1806935
2509,1000000,1806935
692,1000000,1622970
1077,1000000,1806935
1083,1000000,1622970
988,1000000,1622970
690,1000000,1000000
989,1000000,1622970
2279,1000000,1806935
2278,1000000,1622970
994,1000000,1806935
998,1000000,1806935
2189,1000000,1806935
2549,1000000,1806935
1082,1000000,1622970
1001,1000000,1622970
2266,1000000,1806935
2185,1000000,1806935
739,1000000,1806935
738,1000000,1622970
1014,1000000,1622970
1079,1000000,1806935
1000,1000000,1806935
695,1000000,1806935
2248,1000000,1806935
1018,1000000,1806935
1064,1000000,1622970
2225,1000000,1622970
1038,1000000,1622970
720,1000000,1622970
2203,1000000,1806935
1060,1000000,1806935
2204,1000000,1806935
2534,1000000,1806935
1058,1000000,1425069
2206,1000000,1622970
2526,1000000,1622970
2531,1000000,1622970
714,1000000,1622970
1046,1000000,1622970
1053,1000000,1806935
2522,1000000,1806935
722,1000000,1806935
2521,1000000,1622970
702,1000000,1622970
2195,1000000,2069664
1019,1000000,1622970
2196,1000000,1806935
2209,1000000,1806935
696,1000000,1622970
2546,1000000,1622970
726,1000000,1622970
2250,1000000,1622970
1068,1000000,1622970
2545,1000000,1622970
1028,1000000,1622970
2238,1000000,1622970
2235,1000000,1622970
2234,1000000,1806935
2232,1000000,1622970
2200,1000000,1806935
1021,1000000,1806935
1045,1000000,1806935
2402,1000000,2399132
753,1000000,1806935
2438,1000000,1806935
887,1000000,1806935
889,1000000,1806935
2369,1000000,1000000
2439,1000000,1806935
892,1000000,1622970
893,1000000,1806935
896,1000000,1806935
897,1000000,1622970
898,1000000,1622970
1084,1000000,1806935
2443,1000000,1622970
2363,1000000,1806935
802,1000000,1622970
2362,1000000,1806935
908,1000000,1806935
2358,1000000,1806935
799,1000000,1806935
798,1000000,1806935
2351,1000000,1806935
2447,1000000,1806935
2350,1000000,1622970
916,1000000,2042500
2373,1000000,1806935
2343,1000000,1806935
883,1000000,1622970
881,1000000,1806935
2401,1000000,1622970
848,1000000,1806935
854,1000000,1425069
2404,1000000,1806935
857,1000000,1806935
858,1000000,1806935
861,1000000,1622970
2387,1000000,1622970
2386,1000000,1806935
2385,1000000,1622970
2383,1000000,1806935
843,1000000,1806935
2406,1000000,1806935
841,1000000,1622970
2379,1000000,1000000
874,1000000,1622970
840,1000000,1622970
879,1000000,1806935
2408,1000000,1622970
2411,1000000,1622970
820,1000000,1806935
818,1000000,1622970
2429,1000000,1806935
813,1000000,1806935
985,1000000,1806935
2342,1000000,1806935
793,1000000,1806935
2299,1000000,1806935
771,1000000,1806935
961,1000000,1806935
962,1000000,1622970
770,1000000,1000000
769,1000000,1622970
963,1000000,1622970
964,1000000,1622970
967,1000000,1806935
2290,1000000,1806935
2480,1000000,1622970
2482,1000000,1622970
763,1000000,1806935
762,1000000,1622970
975,1000000,1806935
976,1000000,1806935
978,1000000,1806935
2483,1000000,1622970
2487,1000000,1622970
755,1000000,1806935
754,1000000,1622970
2280,1000000,1622970
984,1000000,1806935
2301,1000000,1806935
794,1000000,1806935
2305,1000000,1806935
2477,1000000,1806935
2453,1000000,1622970
923,1000000,1806935
925,1000000,1806935
2455,1000000,1622970
926,1000000,1622970
927,1000000,1806935
790,1000000,1806935
2336,1000000,1806935
2333,1000000,1622970
2459,1000000,1806935
934,1000000,1806935
936,1000000,1806935
2330,1000000,1622970
941,1000000,1622970
942,1000000,1806935
2314,1000000,1622970
786,1000000,1622970
2461,1000000,1622970
783,1000000,1806935
952,1000000,1622970
2469,1000000,1806935
2472,1000000,1806935
2476,1000000,1622970
772,1000000,1806935
3025,1000000,1806935
1188,1000000,1622970
1090,1000000,1806935
1856,1000000,1806935
1853,1000000,1806935
1849,1000000,1806935
1842,1000000,1622970
1461,1000000,1622970
1471,1000000,1806935
1473,1000000,1806935
1475,1000000,1622970
1478,1000000,1806935
1818,1000000,1806935
1817,1000000,1806935
1815,1000000,1806935
1486,1000000,1622970
1810,1000000,1806935
1867,1000000,1622970
1809,1000000,1806935
1807,1000000,1806935
1806,1000000,1806935
1801,1000000,1806935
1797,1000000,1806935
1796,1000000,1806935
1792,1000000,1622970
1791,1000000,1806935
1790,1000000,1425069
1508,1000000,1806935
1787,1000000,1806935
1514,1000000,1806935
1516,1000000,1622970
1517,1000000,1425069
1782,1000000,1622970
1491,1000000,1622970
1781,1000000,1622970
1437,1000000,1806935
1881,1000000,1806935
1380,1000000,1806935
1381,1000000,1622970
1382,1000000,1806935
1383,1000000,1806935
1384,1000000,1622970
1386,1000000,1806935
1912,1000000,1622970
1389,1000000,1806935
1390,1000000,1806935
1911,1000000,1622970
1908,1000000,1806935
1398,1000000,1622970
1400,1000000,1806935
1900,1000000,1622970
1878,1000000,1622970
1403,1000000,1806935
1406,1000000,1622970
1407,1000000,1806935
1897,1000000,1806935
1895,1000000,1806935
1410,1000000,1622970
1414,1000000,1806935
1415,1000000,1806935
1419,1000000,1622970
1421,1000000,1806935
1886,1000000,1806935
1423,1000000,1806935
1885,1000000,1806935
1884,1000000,1622970
1883,1000000,1622970
1899,1000000,1622970
1915,1000000,1806935
1520,1000000,2407333
1523,1000000,1622970
1592,1000000,1622970
1593,1000000,1806935
1596,1000000,1622970
1599,1000000,1622970
1602,1000000,1806935
1716,1000000,1806935
1604,1000000,1622970
1607,1000000,1622970
1714,1000000,1806935
1610,1000000,1806935
1618,1000000,1806935
1619,1000000,1806935
1620,1000000,1806935
1623,1000000,1806935
1591,1000000,1806935
1625,1000000,1806935
1628,1000000,1806935
1692,1000000,1806935
1691,1000000,1622970
1634,1000000,1806935
1689,1000000,1806935
1686,1000000,1806935
1683,1000000,1806935
1645,1000000,1806935
1649,1000000,1806935
1671,1000000,1622970
1653,1000000,1806935
1669,1000000,1806935
1667,1000000,1806935
1659,1000000,1806935
1626,1000000,1622970
1522,1000000,1806935
1589,1000000,1806935
1584,1000000,1806935
1524,1000000,1806935
1525,1000000,1806935
1526,1000000,1622970
1774,1000000,1806935
1770,1000000,1806935
1769,1000000,1806935
1536,1000000,1806935
1768,1000000,1806935
1766,1000000,1806935
1542,1000000,1806935
1763,1000000,1806935
1762,1000000,1806935
1547,1000000,1622970
1758,1000000,1806935
1585,1000000,1866307
1551,1000000,1806935
1753,1000000,1806935
1555,1000000,1806935
1556,1000000,1806935
1557,1000000,1622970
1558,1000000,1806935
1559,1000000,1806935
1561,1000000,1622970
1750,1000000,1622970
1738,1000000,1806935
1733,1000000,1806935
1575,1000000,1806935
1732,1000000,1806935
1580,1000000,1078000
1581,1000000,1622970
1755,1000000,1425069
1088,1000000,1806935
1377,1000000,1622970
1926,1000000,1622970
1170,1000000,1622970
1171,1000000,1622970
2104,1000000,1806935
1174,1000000,1806935
2102,1000000,1622970
1180,1000000,1806935
2099,1000000,1806935
1183,1000000,1806935
2088,1000000,1622970
2550,1000000,1806935
1189,1000000,1806935
1190,1000000,1622970
2086,1000000,1806935
2083,1000000,1806935
2109,1000000,1622970
2082,1000000,1806935
2074,1000000,1806935
1204,1000000,1806935
2073,1000000,1806935
2071,1000000,1806935
2070,1000000,1806935
2069,1000000,1806935
2068,1000000,1806935
1212,1000000,1622970
2064,1000000,1806935
1216,1000000,1622970
1217,1000000,1806935
2062,1000000,1806935
2059,1000000,1806935
1223,1000000,1622970
1201,1000000,1806935
2054,1000000,1806935
2113,1000000,1806935
2119,1000000,1806935
2174,1000000,1425069
2173,1000000,1806935
2172,1000000,1806935
1102,1000000,1806935
2171,1000000,1806935
1106,1000000,1806935
1107,1000000,1622970
1108,1000000,1806935
1109,1000000,1806935
1110,1000000,1806935
1111,1000000,1622970
1112,1000000,1806935
2169,1000000,1806935
1124,1000000,1806935
1160,1000000,2654837
2152,1000000,1622970
1130,1000000,1806935
2150,1000000,1806935
2147,1000000,1806935
1135,1000000,1806935
2140,1000000,1622970
2136,1000000,1806935
1144,1000000,1806935
1145,1000000,1806935
1148,1000000,1806935
1150,1000000,1622970
1151,1000000,1622970
2130,1000000,1622970
2128,1000000,1806935
2125,1000000,1806935
1128,1000000,1622970
1919,1000000,1622970
1227,1000000,1806935
2051,1000000,1806935
1997,1000000,1806935
1996,1000000,1806935
1995,1000000,1806935
1994,1000000,1622970
1993,1000000,1806935
1309,1000000,1806935
1311,1000000,1806935
1313,1000000,1622970
1987,1000000,1622970
1983,1000000,1806935
1317,1000000,1806935
1318,1000000,1806935
1320,1000000,1806935
1977,1000000,1806935
1999,1000000,1806935
1323,1000000,1622970
1329,1000000,1622970
1972,1000000,1806935
1338,1000000,1806935
1959,1000000,1806935
1342,1000000,1622970
1345,1000000,1806935
1950,1000000,1622970
1351,1000000,1806935
1948,1000000,1806935
1946,1000000,1806935
1358,1000000,1806935
1931,1000000,1806935
1929,1000000,1806935
1927,1000000,1806935
1324,1000000,1806935
1228,1000000,1806935
2001,1000000,1622970
2005,1000000,1806935
1232,1000000,1806935
1233,1000000,1806935
1237,1000000,1806935
1239,1000000,1806935
1243,1000000,1806935
1246,1000000,1806935
1247,1000000,1806935
1248,1000000,1806935
2041,1000000,1806935
1250,1000000,1622970
2039,1000000,1622970
1253,1000000,1806935
1254,1000000,1806935
1257,1000000,1806935
2002,1000000,1806935
2030,1000000,1622970
2028,1000000,1806935
1269,1000000,1622970
1270,1000000,1806935
1274,1000000,1622970
2020,1000000,1622970
2019,1000000,1806935
2014,1000000,1806935
2011,1000000,1806935
1287,1000000,1622970
2009,1000000,1622970
2007,1000000,995000
1291,1000000,1622970
1292,1000000,1806935
2006,1000000,1622970
1263,1000000,1806935
2551,1000000,1806935
1661,1000000,1806935
685,1000000,1806935
115,1000000,1953003
2659,1000000,1806935
310,1000000,1953003
2657,1000000,1622970
2654,1000000,1622970
2753,1000000,1806935
2660,1000000,1806935
2651,1000000,1622970
92,1000000,1514597
2786,1000000,1806935
461,1000000,1622970
306,1000000,1223013
149,1000000,1953003
303,1000000,1514597
568,1000000,1806935
574,1000000,1622970
559,1000000,1806935
314,1000000,1223013
57,1000000,1953003
2670,1000000,1622970
2825,1000000,1622970
322,1000000,1514597
548,1000000,1622970
549,1000000,1622970
463,1000000,1622970
381,1000000,1514597
2667,1000000,1806935
465,1000000,1622970
318,1000000,1514597
315,1000000,1514597
554,1000000,1806935
56,1000000,1514597
321,1000000,1223013
2648,1000000,1622970
131,1000000,939231
150,1000000,1514597
48,1000000,1514597
588,1000000,2654837
589,1000000,1622970
284,1000000,1514597
592,1000000,1806935
2939,1000000,1806935
2857,1000000,1806935
2938,1000000,1806935
2756,1000000,1806935
596,1000000,1806935
2937,1000000,1806935
2859,1000000,1622970
2637,1000000,1622970
137,1000000,1514597
455,1000000,1806935
286,1000000,1514597
2967,1000000,1622970
584,1000000,1806935
2784,1000000,1622970
578,1000000,1806935
579,1000000,1622970
297,1000000,1223013
580,1000000,1806935
385,1000000,1157077
386,1000000,1157077
130,1000000,1157077
388,1000000,1223013
289,1000000,1514597
49,1000000,1157077
2643,1000000,1806935
288,1000000,1514597
457,1000000,1806935
456,1000000,1622970
324,1000000,1514597
158,1000000,1157077
2790,1000000,1622970
2996,1000000,1622970
2708,1000000,1622970
2704,1000000,1806935
77,1000000,1514597
76,1000000,939231
511,1000000,1806935
136,1000000,1514597
506,1000000,1806935
2700,1000000,1806935
75,1000000,1953003
514,1000000,1622970
344,1000000,1514597
519,1000000,1806935
521,1000000,1806935
343,1000000,1514597
488,1000000,1806935
342,1000000,1223013
345,1000000,1514597
2988,1000000,1622970
2719,1000000,1806935
360,1000000,1514597
80,1000000,1514597
497,1000000,1806935
2987,1000000,1806935
2718,1000000,1622970
490,1000000,1806935
358,1000000,1514597
353,1000000,1157077
352,1000000,1514597
351,1000000,939231
2713,1000000,1806935
2808,1000000,1622970
504,1000000,1806935
2715,1000000,1622970
2728,1000000,1622970
2693,1000000,1866307
73,1000000,1514597
2821,1000000,1806935
2676,1000000,1806935
539,1000000,1622970
540,1000000,1622970
541,1000000,1622970
373,1000000,1157077
332,1000000,1514597
61,1000000,1514597
88,1000000,996333
476,1000000,1806935
2748,1000000,1622970
60,1000000,1514597
474,1000000,1806935
133,1000000,1157077
2743,1000000,1806935
141,1000000,1514597
336,1000000,1514597
134,1000000,1223013
84,1000000,1514597
2734,1000000,1622970
524,1000000,1806935
2813,1000000,1806935
2739,1000000,1806935
2977,1000000,1806935
2689,1000000,1806935
72,1000000,1157077
2814,1000000,1806935
2687,1000000,1806935
530,1000000,1622970
366,1000000,1157077
70,1000000,1514597
69,1000000,1223013
481,1000000,1806935
2750,1000000,1622970
160,1000000,1514597
389,1000000,1157077
161,1000000,1514597
2894,1000000,1622970
181,1000000,1514597
10,1000000,1514597
399,1000000,1514597
649,1000000,1622970
427,1000000,1514597
227,1000000,939231
2587,1000000,1622970
223,1000000,1514597
426,1000000,1514597
183,1000000,1514597
653,1000000,1622970
654,1000000,1622970
401,1000000,939231
182,1000000,1157077
221,1000000,1157077
228,1000000,1157077
3017,1000000,1622970
2925,1000000,1622970
437,1000000,996333
641,1000000,1806935
2596,1000000,1806935
108,1000000,1514597
398,1000000,1514597
2892,1000000,1806935
16,1000000,1157077
434,1000000,1514597
2889,1000000,1806935
432,1000000,1157077
110,1000000,1514597
14,1000000,1514597
429,1000000,1223013
235,1000000,1157077
2576,1000000,1622970
2575,1000000,1806935
2896,1000000,1806935
2775,1000000,1806935
418,1000000,1223013
416,1000000,1514597
2558,1000000,1622970
678,1000000,1806935
194,1000000,1514597
191,1000000,1223013
202,1000000,1514597
3023,1000000,1806935
415,1000000,1514597
200,1000000,996333
411,1000000,1514597
198,1000000,1514597
414,1000000,1157077
2556,1000000,1000000
3022,1000000,1806935
190,1000000,939231
2776,1000000,1806935
2574,1000000,1806935
187,1000000,1223013
2570,1000000,2069664
402,1000000,1514597
2568,1000000,1806935
403,1000000,1157077
423,1000000,1514597
404,1000000,1223013
2566,1000000,1806935
6,1000000,1514597
2905,1000000,1806935
2563,1000000,1622970
405,1000000,1157077
2919,1000000,1622970
406,1000000,1514597
2597,1000000,1622970
638,1000000,1806935
3015,1000000,1622970
238,1000000,1157077
637,1000000,1806935
611,1000000,1622970
2954,1000000,1806935
2879,1000000,1622970
2626,1000000,1806935
128,1000000,1157077
255,1000000,1514597
104,1000000,1157077
607,1000000,1806935
37,1000000,1514597
604,1000000,1806935
2761,1000000,1806935
391,1000000,1223013
390,1000000,1514597
2625,1000000,1806935
168,1000000,1514597
166,1000000,1157077
2868,1000000,1622970
2635,1000000,1806935
40,1000000,1514597
262,1000000,1514597
263,1000000,1514597
265,1000000,939231
268,1000000,1223013
269,1000000,1514597
42,1000000,1514597
103,1000000,1157077
45,1000000,1223013
102,1000000,1514597
2866,1000000,1622970
39,1000000,1157077
614,1000000,1806935
612,1000000,1622970
628,1000000,1806935
33,1000000,939231
445,1000000,1806935
2766,1000000,1806935
2885,1000000,1622970
2612,1000000,1806935
2767,1000000,1622970
241,1000000,1157077
2610,1000000,1622970
239,1000000,1157077
2601,1000000,2399132
2962,1000000,1806935
3014,1000000,1806935
635,1000000,1622970
23,1000000,1157077
2607,1000000,1806935
29,1000000,1514597
2720,1000000,1425069
2955,1000000,1806935
32,1000000,1223013
618,1000000,1622970
249,1000000,1514597
242,1000000,1157077
2881,1000000,1425069
123,1000000,1514597
31,1000000,1514597
623,1000000,1806935
247,1000000,1157077
2884,1000000,1806935
625,1000000,1806935
243,1000000,1514597
2930,1000000,1806935
847,1005000,1806935
135,1007000,1514597
1122,1015000,1806935
1577,1020000,1622970
2769,1020000,1806935
838,1020000,1622970
164,1030000,1514597
2419,1030000,1806935
46,1030000,1223013
122,1050000,1223013
2270,1050000,1806935
312,1050000,1157077
1729,1050000,1806935
643,1050000,1806935
1336,1050000,1806935
2671,1050000,1806935
2364,1050000,1806935
2441,1050000,1806935
1361,1050000,1806935
140,1050000,1514597
3,1050000,1514597
292,1050000,1514597
1921,1050000,1806935
1586,1050000,1806935
3010,1085877,1806935
1713,1100000,1806935
169,1100000,1514597
3009,1100000,1806935
1125,1100000,1806935
1718,1100000,1622970
1913,1100000,1806935
1302,1100000,1622970
1490,1100000,1806935
2435,1100000,1078000
1043,1100000,1622970
1725,1100000,1622970
2417,1100000,1622970
1312,1100000,1806935
47,1100000,1223013
1703,1100000,1806935
2548,1100000,1806935
1371,1100000,1622970
1395,1100000,1622970
711,1100000,1622970
1675,1100000,1806935
2567,1100000,1622970
1904,1100000,1806935
1680,1100000,1806935
222,1100000,1157077
1640,1100000,1806935
1954,1100000,1806935
430,1100000,1514597
176,1100000,1223013
1973,1100000,1622970
1330,1100000,1806935
768,1100000,1622970
2399,1100000,1622970
2474,1100000,1622970
773,1100000,1806935
120,1100000,1514597
469,1100000,1622970
2079,1100000,1806935
2273,1100000,1806935
340,1100000,1514597
2319,1100000,1622970
1004,1100000,1425069
2348,1100000,1806935
328,1100000,1514597
1455,1100000,1622970
2673,1100000,1806935
2354,1100000,1622970
2066,1100000,1806935
2326,1100000,1806935
2253,1100000,1622970
1195,1100000,1806935
2851,1100000,1806935
151,1100000,939231
1238,1100000,1622970
1219,1100000,1622970
986,1100000,1806935
1017,1100000,1622970
1141,1100000,1622970
1858,1100000,1078000
1873,1100000,1622970
55,1115000,1157077
1925,1150000,1622970
1850,1150000,1806935
473,1180000,1622970
199,1200000,1223013
1155,1200000,1622970
1914,1200000,1806935
2090,1200000,1806935
204,1200000,1223013
2121,1200000,1806935
1474,1200000,1622970
1838,1200000,1806935
2947,1200000,1806935
1191,1200000,1622970
2031,1200000,1806935
2888,1200000,1622970
1198,1200000,1806935
1199,1200000,1622970
1207,1200000,1622970
1965,1200000,1622970
1260,1200000,1622970
1149,1200000,1806935
2791,1200000,1622970
2156,1200000,1622970
325,1200000,1514597
2154,1200000,1806935
270,1200000,1514597
1859,1200000,1806935
1468,1200000,1806935
1264,1200000,1806935
1340,1200000,1806935
348,1200000,1157077
196,1200000,1514597
1511,1200000,1622970
1609,1200000,1622970
944,1200000,1622970
1047,1200000,1806935
2690,1200000,1806935
1650,1200000,1078000
522,1200000,1806935
26,1200000,1514597
1775,1200000,1622970
1614,1200000,1806935
2486,1200000,1622970
1055,1200000,1200000
600,1200000,1806935
572,1200000,1806935
2334,1200000,1806935
903,1200000,1806935
2289,1200000,1806935
2281,1200000,1806935
966,1200000,1806935
1503,1200000,1806935
533,1200000,1806935
683,1200000,1806935
723,1200000,1622970
826,1200000,1622970
38,1200000,1514597
689,1200000,1622970
821,1200000,1806935
1704,1200000,1806935
334,1216715,1157077
571,1225497,1806935
1069,1230000,1806935
1958,1250000,1622970
1286,1250000,1806935
1688,1250000,1622970
421,1276650,1514597
2324,1300000,1806935
928,1300000,1806935
2431,1300000,1806935
2675,1300000,1806935
1764,1300000,1806935
1476,1300000,1806935
581,1300000,1622970
895,1300000,1806935
1277,1300000,1806935
969,1300000,1622970
2211,1300000,1806935
1893,1300000,1806935
424,1300000,1514597
159,1300000,1514597
496,1300000,1622970
1255,1300000,2042500
2026,1330000,1806935
252,1333333,1157077
422,1350000,2238457
147,1387500,1223013
2218,1400000,1806935
2216,1400000,1622970
1085,1400000,1622970
1009,1400000,1806935
587,1438647,1806935
501,1441800,1806935
174,1447000,1223013
2949,1496307,1425069
2338,1500000,1622970
1433,1500000,1806935
2388,1500000,1622970
750,1500000,1622970
1870,1500000,1622970
2503,1500000,1622970
1235,1500000,1806935
266,1500000,2238457
1687,1500000,1622970
278,1500000,1750000
553,1500000,1622970
2313,1500000,1622970
1749,1500000,1806935
833,1500000,1622970
277,1500000,1514597
275,1500000,1514597
2332,1500000,1622970
329,1500000,1514597
2994,1500000,1425069
272,1500000,1157077
142,1500000,1514597
904,1500000,1806935
30,1500000,1157077
482,1500000,1622970
1606,1500000,1622970
460,1500000,1806935
1499,1500000,1806935
1480,1500000,1622970
2178,1500000,1622970
1118,1500000,1806935
1527,1500000,1806935
2135,1500000,1622970
1976,1500000,1622970
2194,1500000,1622970
759,1500000,1622970
2916,1500000,1806935
1156,1500000,1622970
1104,1500000,1806935
2192,1500000,1806935
362,1500000,1514597
355,1500000,1514597
1091,1500000,1806935
2536,1500000,1806935
111,1500000,1514597
264,1500000,1953003
1168,1500000,1806935
620,1500000,2089302
2824,1529745,2399132
673,1544000,2399132
2380,1555000,1806935
1031,1560000,1622970
684,1564318,1806935
2262,1585170,1988028
948,1600000,1622970
2970,1600000,1806935
52,1600000,1223013
1099,1628742,1806935
1696,1680000,2089302
205,1700000,1223013
1225,1700000,1806935
558,1700000,1806935
2052,1702558,2089302
2058,1715200,2089302
1974,1715200,2089302
2303,1715200,2089302
1572,1715200,2089302
1906,1732252,2089302
1943,1732252,2089302
1837,1732252,2089302
1869,1732252,2089302
309,1739100,1953003
1533,1740000,2089302
1543,1740000,2089302
1784,1757400,2089302
733,1787083,2089302
757,1787805,2246477
2781,1790000,1622970
1889,1794980,1806935
593,1800000,1806935
1343,1800000,1806935
172,1800000,1514597
590,1800000,1806935
1417,1800000,1806935
2978,1800000,1622970
116,1800000,1514597
267,1800000,1514597
2163,1800000,1806935
3013,1826622,2089302
2903,1831622,2089302
2146,1836622,2089302
2,1850000,1514597
3001,1858668,2089302
2924,1858668,1988028
2944,1863668,2089302
686,1878010,1622970
583,1885866,2089302
1715,1886643,2684299
731,1891800,1622970
1851,1900000,1622970
697,1900000,1806935
1391,1900000,1806935
636,1900000,2612313
1711,1910289,2089302
2899,1910412,2089302
3005,1915412,2089302
866,1916667,1806935
2755,1920412,2089302
2325,1920412,1988028
2911,1920412,2089302
1402,1922515,2089302
844,1932166,2089302
95,1933333,1514597
1161,1934849,1622970
1735,1934849,2089302
2029,1937328,2246477
2223,1937328,2246477
737,1944192,2089302
2131,1946935,1806935
2913,1948928,2089302
2751,1949400,2089302
2157,1953928,2089302
1594,1958915,2089302
682,1962123,2089302
2490,1963500,2399132
1098,1970308,2089302
1268,1970308,2089302
1665,1973210,2089302
834,1974474,2246477
712,1980000,1806935
1785,1980000,1806935
2918,1983000,2089302
2969,1983000,2089302
3004,1983000,2089302
2997,1983000,1988028
2864,1983000,2089302
543,1983333,1806935
2964,1983600,2089302
1981,1990000,1622970
2378,1990000,1622970
586,1990000,1806935
499,1990000,1806935
368,1990000,1514597
1535,1990000,1806935
822,1998455,2089302
2638,1999000,1806935
1741,1999385,1988028
3018,2000000,1806935
1690,2000000,1806935
3020,2000000,1622970
1666,2000000,1622970
3012,2000000,1806935
1694,2000000,1622970
3016,2000000,1806935
1693,2000000,1806935
1685,2000000,1806935
1670,2000000,1806935
2921,2000000,1806935
1697,2000000,1622970
3021,2000000,1806935
1674,2000000,1806935
3019,2000000,1806935
1678,2000000,1806935
1907,2000000,2399132
2920,2000000,1622970
1676,2000000,1806935
1677,2000000,1622970
1668,2000000,1622970
1800,2000000,1622970
1861,2000000,1806935
1705,2000000,1806935
1839,2000000,1622970
1756,2000000,1806935
1760,2000000,1806935
1761,2000000,1806935
1836,2000000,1806935
1835,2000000,1806935
1833,2000000,1622970
1832,2000000,1806935
1828,2000000,1806935
1824,2000000,1425069
1767,2000000,1806935
1823,2000000,1806935
2980,2000000,1806935
2979,2000000,1622970
1752,2000000,1806935
1773,2000000,1806935
2976,2000000,1806935
2971,2000000,1806935
2951,2000000,1622970
2968,2000000,1806935
1814,2000000,1806935
1783,2000000,1806935
1812,2000000,1806935
1811,2000000,1806935
1786,2000000,1806935
2959,2000000,2407333
1794,2000000,1806935
2958,2000000,2042500
2956,2000000,1806935
1803,2000000,1806935
1820,2000000,1806935
1894,2000000,1806935
2990,2000000,1806935
1845,2000000,1806935
1891,2000000,1806935
1712,2000000,1806935
1888,2000000,1622970
3007,2000000,1806935
1717,2000000,1806935
1719,2000000,1866307
1720,2000000,1806935
2931,2000000,1806935
2936,2000000,1806935
1721,2000000,1806935
1727,2000000,1806935
1877,2000000,1806935
1728,2000000,1806935
1730,2000000,1806935
2992,2000000,1806935
2941,2000000,1622970
1875,2000000,1806935
1874,2000000,1806935
1872,2000000,1622970
1868,2000000,1806935
3000,2000000,1806935
1863,2000000,1622970
1798,2000000,1622970
1740,2000000,1806935
1855,2000000,1806935
2942,2000000,1622970
1742,2000000,1806935
1744,2000000,1806935
1745,2000000,1806935
1751,2000000,1806935
1731,2000000,1806935
2966,2000000,1806935
2805,2000000,1622970
1916,2000000,1806935
2359,2000000,1622970
2360,2000000,1806935
2361,2000000,1806935
2366,2000000,1806935
2666,2000000,1806935
2665,2000000,2042500
2664,2000000,1806935
2370,2000000,1806935
2372,2000000,1806935
2652,2000000,1806935
2649,2000000,1622970
2375,2000000,1806935
2377,2000000,1806935
2647,2000000,1622970
2672,2000000,1806935
2382,2000000,1622970
2389,2000000,1622970
2391,2000000,1806935
2393,2000000,1806935
2395,2000000,1806935
2396,2000000,1806935
2400,2000000,1806935
2403,2000000,1806935
2641,2000000,1806935
2639,2000000,1806935
2410,2000000,1806935
2412,2000000,1622970
2413,2000000,2042500
2414,2000000,2399132
2422,2000000,2000000
2646,2000000,1622970
2423,2000000,1806935
2355,2000000,1806935
2347,2000000,1806935
2255,2000000,1622970
2745,2000000,1622970
2742,2000000,1622970
2269,2000000,1622970
2272,2000000,1806935
2275,2000000,1622970
2277,2000000,1622970
2733,2000000,1622970
2729,2000000,2042500
2727,2000000,1806935
2722,2000000,1806935
2283,2000000,1622970
2284,2000000,1806935
2287,2000000,1806935
2353,2000000,1806935
2711,2000000,1806935
2703,2000000,1806935
2702,2000000,1806935
2306,2000000,1622970
2699,2000000,1806935
2695,2000000,1806935
2317,2000000,1622970
2322,2000000,2399132
2688,2000000,1806935
2684,2000000,2042500
2337,2000000,1806935
2681,2000000,1806935
2678,2000000,1806935
2341,2000000,2407333
2344,2000000,1806935
2295,2000000,1806935
2749,2000000,1622970
2424,2000000,1866307
2636,2000000,1622970
2494,2000000,1806935
2497,2000000,1806935
2498,2000000,2089302
2500,2000000,1622970
2501,2000000,1806935
2502,2000000,1806935
2593,2000000,1622970
2507,2000000,1806935
2591,2000000,1806935
2588,2000000,1806935
2510,2000000,2042500
2585,2000000,1806935
2514,2000000,1622970
2518,2000000,1806935
2493,2000000,2042500
2577,2000000,2042500
2569,2000000,1806935
2528,2000000,1806935
2532,2000000,1806935
2565,2000000,2042500
2562,2000000,1806935
2537,2000000,1806935
2538,2000000,1806935
2541,2000000,1806935
2543,2000000,1806935
2560,2000000,2042500
2559,2000000,1806935
2544,2000000,1806935
2557,2000000,1806935
2552,2000000,1806935
2573,2000000,1622970
2427,2000000,1806935
2489,2000000,1622970
2484,2000000,1622970
2428,2000000,1806935
2430,2000000,1806935
2633,2000000,1622970
2632,2000000,1806935
2434,2000000,1622970
2437,2000000,1806935
2631,2000000,1806935
2442,2000000,1806935
2627,2000000,1806935
2444,2000000,1806935
2445,2000000,2042500
2446,2000000,1806935
2450,2000000,2042500
2623,2000000,1806935
2595,2000000,1806935
2622,2000000,2042500
2456,2000000,1806935
2458,2000000,1622970
2620,2000000,1806935
2460,2000000,1806935
2617,2000000,1806935
2465,2000000,1806935
2466,2000000,1622970
2615,2000000,1622970
2470,2000000,1806935
2475,2000000,1806935
2614,2000000,1806935
2602,2000000,2042500
2478,2000000,1622970
2481,2000000,1806935
2621,2000000,1622970
2752,2000000,1622970
2247,2000000,1806935
2244,2000000,1806935
2016,2000000,1806935
2017,2000000,1806935
2862,2000000,2042500
2021,2000000,1806935
2022,2000000,1806935
2858,2000000,1866307
2027,2000000,1622970
2034,2000000,1806935
2854,2000000,1806935
2037,2000000,1806935
2852,2000000,1806935
2040,2000000,1806935
2849,2000000,1806935
2845,2000000,1806935
2013,2000000,1806935
2844,2000000,1806935
2043,2000000,1806935
2843,2000000,1806935
2842,2000000,1806935
2045,2000000,1806935
2841,2000000,1806935
2834,2000000,1806935
2047,2000000,1806935
2048,2000000,1806935
2049,2000000,1622970
2050,2000000,1806935
2829,2000000,1806935
2827,2000000,1806935
2055,2000000,1622970
2067,2000000,1806935
2042,2000000,1806935
2823,2000000,1622970
2010,2000000,1806935
2867,2000000,2042500
1920,2000000,1806935
1923,2000000,1806935
1924,2000000,1806935
2909,2000000,1806935
2906,2000000,1622970
2904,2000000,1806935
2902,2000000,1806935
1934,2000000,1622970
1938,2000000,1806935
1942,2000000,1806935
1944,2000000,1806935
2897,2000000,1806935
1949,2000000,1806935
1951,2000000,1806935
2008,2000000,1622970
1957,2000000,1806935
2891,2000000,1806935
1963,2000000,1806935
1968,2000000,1806935
1975,2000000,1622970
1979,2000000,1806935
2883,2000000,1806935
1986,2000000,1622970
2882,2000000,1806935
1988,2000000,1806935
1989,2000000,1806935
1990,2000000,1806935
1992,2000000,1806935
2878,2000000,1622970
2872,2000000,1806935
1961,2000000,1806935
2817,2000000,1806935
2075,2000000,1806935
2078,2000000,1806935
2177,2000000,1806935
2179,2000000,1806935
2180,2000000,1806935
2774,2000000,1806935
2181,2000000,1806935
2772,2000000,1622970
2184,2000000,1622970
2771,2000000,1806935
2187,2000000,1806935
2770,2000000,1622970
2188,2000000,1806935
2198,2000000,1806935
2201,2000000,1806935
2202,2000000,1806935
2176,2000000,1622970
2768,2000000,1622970
2764,2000000,1622970
2213,2000000,1622970
2214,2000000,1806935
2215,2000000,1806935
2762,2000000,1622970
2760,2000000,1622970
2759,2000000,1806935
2222,2000000,1806935
2757,2000000,2042500
2230,2000000,1806935
2236,2000000,1806935
2754,2000000,1806935
2239,2000000,1622970
2241,2000000,1806935
2765,2000000,2399132
2170,2000000,1866307
2777,2000000,1806935
2779,2000000,1806935
2084,2000000,1806935
2812,2000000,1806935
2089,2000000,1806935
2091,2000000,1622970
2810,2000000,1806935
2809,2000000,1806935
2101,2000000,1806935
2105,2000000,1806935
2804,2000000,1622970
2106,2000000,1622970
2803,2000000,1806935
2802,2000000,1622970
2114,2000000,1806935
2117,2000000,1806935
2801,2000000,1622970
2800,2000000,2042500
2123,2000000,1806935
2167,2000000,1806935
2165,2000000,2399132
2164,2000000,1806935
2780,2000000,2089302
2153,2000000,1806935
2151,2000000,1806935
2912,2000000,1806935
2782,2000000,1622970
2142,2000000,1806935
2787,2000000,1806935
2788,2000000,2042500
2793,2000000,1806935
2797,2000000,1622970
2799,2000000,1806935
2144,2000000,1806935
2416,2000000,1806935
0,2000000,1514597
1326,2000000,1622970
189,2000000,1953003
188,2000000,1514597
1265,2000000,1622970
748,2000000,1806935
337,2000000,1514597
171,2000000,1514597
1272,2000000,1806935
1273,2000000,1622970
746,2000000,2000000
1276,2000000,1806935
744,2000000,1622970
339,2000000,1514597
1259,2000000,1806935
1280,2000000,1806935
1285,2000000,1806935
741,2000000,1806935
1289,2000000,1806935
1290,2000000,1425069
1293,2000000,1806935
1294,2000000,1806935
735,2000000,1806935
1297,2000000,1622970
1298,2000000,1622970
734,2000000,1806935
1299,2000000,1806935
1301,2000000,1622970
1283,2000000,1806935
1303,2000000,1622970
749,2000000,1622970
1256,2000000,1806935
210,2000000,1157077
1192,2000000,1806935
1193,2000000,1806935
1196,2000000,1806935
778,2000000,1806935
777,2000000,1622970
1203,2000000,1622970
1206,2000000,1622970
209,2000000,1514597
775,2000000,1622970
1213,2000000,1806935
1218,2000000,1806935
1258,2000000,1806935
201,2000000,1953003
761,2000000,1806935
1222,2000000,1806935
1224,2000000,1806935
1226,2000000,1806935
1229,2000000,1806935
1230,2000000,1806935
1234,2000000,1806935
1236,2000000,1622970
197,2000000,2238457
335,2000000,1514597
752,2000000,1806935
1252,2000000,1806935
1220,2000000,1622970
1314,2000000,1806935
1315,2000000,1806935
341,2000000,1953003
138,2000000,1514597
677,2000000,1806935
132,2000000,1514597
1362,2000000,1806935
672,2000000,1806935
668,2000000,1806935
127,2000000,1223013
666,2000000,1806935
1365,2000000,1622970
664,2000000,1806935
660,2000000,1806935
659,2000000,1622970
679,2000000,1806935
1372,2000000,1806935
117,2000000,1514597
357,2000000,1157077
1375,2000000,1806935
1378,2000000,1806935
1379,2000000,1806935
1385,2000000,1806935
112,2000000,1514597
1388,2000000,1806935
1392,2000000,1806935
1393,2000000,1866307
109,2000000,1514597
364,2000000,1514597
655,2000000,2407333
139,2000000,1223013
1356,2000000,1806935
681,2000000,1806935
1316,2000000,1806935
1319,2000000,1622970
346,2000000,1514597
1321,2000000,1622970
717,2000000,1622970
1322,2000000,1806935
1327,2000000,1806935
1328,2000000,1806935
1331,2000000,1622970
1332,2000000,1806935
157,2000000,1514597
715,2000000,2069664
710,2000000,1622970
1334,2000000,1806935
1337,2000000,1806935
152,2000000,2238457
146,2000000,2238457
1341,2000000,1806935
1346,2000000,1806935
349,2000000,1514597
144,2000000,1514597
1348,2000000,1806935
700,2000000,1806935
1350,2000000,1806935
1352,2000000,1622970
688,2000000,1806935
1354,2000000,1622970
1185,2000000,1806935
1397,2000000,1806935
1184,2000000,1806935
784,2000000,1806935
917,2000000,1806935
914,2000000,1806935
906,2000000,1806935
280,2000000,1157077
905,2000000,1806935
888,2000000,1806935
886,2000000,1806935
877,2000000,1425069
876,2000000,1622970
279,2000000,1514597
1049,2000000,1806935
875,2000000,1806935
920,2000000,1806935
274,2000000,2238457
273,2000000,1514597
259,2000000,1514597
1059,2000000,1806935
1061,2000000,1806935
1065,2000000,1806935
1066,2000000,1806935
868,2000000,1806935
1070,2000000,1806935
1071,2000000,1806935
1072,2000000,1806935
1073,2000000,1622970
1075,2000000,1806935
1056,2000000,1806935
1076,2000000,1622970
924,2000000,1806935
930,2000000,1806935
973,2000000,1806935
980,2000000,1806935
990,2000000,1806935
991,2000000,1806935
959,2000000,2399132
300,2000000,1514597
956,2000000,1806935
995,2000000,1622970
996,2000000,1806935
997,2000000,1806935
296,2000000,1898167
302,2000000,1514597
1034,2000000,1806935
1002,2000000,1806935
1003,2000000,1622970
1005,2000000,1806935
305,2000000,1223013
1012,2000000,1806935
1016,2000000,1806935
1020,2000000,1806935
1022,2000000,1622970
291,2000000,1514597
1025,2000000,1806935
1029,2000000,1622970
285,2000000,1514597
1032,2000000,1806935
304,2000000,1157077
1078,2000000,1806935
1080,2000000,1806935
1081,2000000,1806935
226,2000000,1514597
1147,2000000,1806935
1152,2000000,1806935
224,2000000,1514597
832,2000000,1806935
831,2000000,1622970
220,2000000,1953003
219,2000000,1514597
830,2000000,1806935
1162,2000000,1806935
824,2000000,1622970
326,2000000,1514597
836,2000000,1622970
823,2000000,1806935
815,2000000,1806935
814,2000000,1806935
811,2000000,1806935
1166,2000000,1806935
808,2000000,1806935
806,2000000,2000000
804,2000000,1806935
801,2000000,1806935
1176,2000000,1806935
797,2000000,1806935
214,2000000,1953003
795,2000000,2399132
1164,2000000,1622970
1140,2000000,1806935
839,2000000,1806935
229,2000000,1514597
311,2000000,1514597
863,2000000,1806935
1089,2000000,1622970
1095,2000000,1622970
1097,2000000,1806935
251,2000000,1953003
860,2000000,1622970
1113,2000000,1622970
250,2000000,1514597
1115,2000000,1806935
248,2000000,1514597
1117,2000000,1806935
859,2000000,1622970
240,2000000,1514597
1121,2000000,1806935
1123,2000000,1806935
855,2000000,1806935
853,2000000,1806935
1129,2000000,1806935
1132,2000000,1806935
852,2000000,1622970
851,2000000,1806935
1134,2000000,1806935
850,2000000,1806935
234,2000000,1514597
230,2000000,1953003
842,2000000,1622970
211,2000000,1953003
1399,2000000,1806935
971,2000000,1806935
27,2000000,1514597
63,2000000,1514597
531,2000000,1622970
1464,2000000,1806935
64,2000000,1514597
1465,2000000,1806935
1515,2000000,1806935
1638,2000000,1622970
65,2000000,1514597
85,2000000,1223013
1615,2000000,1806935
420,2000000,1514597
1467,2000000,1806935
1636,2000000,1806935
1635,2000000,1806935
412,2000000,2238457
1639,2000000,1622970
484,2000000,1806935
1463,2000000,1622970
1460,2000000,1806935
1537,2000000,1806935
523,2000000,1806935
486,2000000,1806935
1456,2000000,1806935
601,2000000,1806935
438,2000000,1223013
526,2000000,1622970
1605,2000000,1806935
34,2000000,1514597
528,2000000,1622970
436,2000000,1157077
89,2000000,1514597
87,2000000,1514597
1641,2000000,1806935
597,2000000,1425069
1462,2000000,1806935
552,2000000,2684299
594,2000000,1622970
1472,2000000,1806935
1489,2000000,1806935
1504,2000000,1866307
79,2000000,1514597
546,2000000,2407333
1627,2000000,1622970
483,2000000,1806935
1494,2000000,1806935
1624,2000000,1806935
1621,2000000,1806935
1622,2000000,1806935
547,2000000,1622970
551,2000000,1622970
1496,2000000,1806935
1497,2000000,1806935
1498,2000000,1806935
1505,2000000,1866307
378,2000000,2238457
544,2000000,1806935
408,2000000,1514597
1633,2000000,1622970
1477,2000000,1806935
576,2000000,1806935
573,2000000,1806935
1632,2000000,1622970
1631,2000000,1806935
567,2000000,1622970
1482,2000000,1622970
566,2000000,1806935
383,2000000,1514597
1484,2000000,1622970
562,2000000,1622970
28,2000000,1514597
25,2000000,1157077
382,2000000,1750000
1487,2000000,1806935
387,2000000,1514597
516,2000000,1806935
1453,2000000,2069664
503,2000000,1806935
50,2000000,1514597
453,2000000,1806935
634,2000000,1622970
633,2000000,1622970
105,2000000,1157077
1570,2000000,1806935
1566,2000000,1806935
1430,2000000,1806935
1431,2000000,1806935
53,2000000,1514597
507,2000000,1806935
1436,2000000,1622970
1654,2000000,1622970
1582,2000000,1622970
1420,2000000,1622970
1418,2000000,1622970
1416,2000000,1806935
1,2000000,1514597
502,2000000,1806935
1578,2000000,1806935
648,2000000,1806935
1404,2000000,1806935
1405,2000000,1806935
1408,2000000,1806935
646,2000000,1622970
41,2000000,1514597
1412,2000000,1622970
1571,2000000,1806935
4,2000000,1514597
1579,2000000,1806935
1413,2000000,1806935
450,2000000,1622970
1541,2000000,1622970
7,2000000,1514597
458,2000000,1806935
1438,2000000,1425069
1450,2000000,1806935
58,2000000,1514597
1549,2000000,1806935
36,2000000,1514597
1550,2000000,1622970
1643,2000000,1806935
1544,2000000,1622970
1447,2000000,1806935
1651,2000000,1806935
513,2000000,2407333
409,2000000,1514597
475,2000000,1806935
1449,2000000,1622970
632,2000000,1622970
91,2000000,1157077
510,2000000,1622970
509,2000000,1806935
1560,2000000,1806935
1597,2000000,1806935
1595,2000000,1806935
101,2000000,1157077
97,2000000,1157077
100,2000000,1898167
1646,2000000,1806935
1443,2000000,1806935
98,2000000,2238457
1554,2000000,1806935
468,2000000,1806935
11,2000000,1953003
1548,2000000,1806935
1736,2001270,2089302
2260,2010376,2089302
1701,2011950,2246477
1448,2011950,2246477
1871,2018520,2654837
774,2022807,2246477
542,2023905,2399132
2251,2025000,1806935
1440,2027818,2089302
1739,2029417,1622970
1512,2029417,1988028
1432,2029417,2089302
1424,2032627,1622970
2706,2041200,1988028
2160,2047255,2089302
260,2050000,1514597
608,2050000,1806935
2662,2050000,2042500
2599,2050000,1806935
1568,2053296,2089302
156,2060000,2238457
1100,2061954,2246477
1534,2070000,1806935
1734,2070000,1806935
2515,2074920,2089302
2159,2074920,2089302
1757,2076000,2399132
1857,2078490,2246477
1852,2078490,2246477
760,2079718,2089302
9,2080000,1514597
1013,2081783,2246477
940,2087149,1988028
162,2100000,2238457
441,2100000,1953003
258,2100000,1514597
1917,2100000,1622970
1119,2100000,1622970
454,2100000,1806935
2291,2100000,1806935
1642,2100000,1806935
1394,2100000,1806935
2122,2100000,1622970
2168,2100000,1806935
1466,2100000,1806935
1210,2100000,1806935
2491,2100000,1806935
2653,2100000,1622970
1804,2104604,2246477
982,2105000,2399132
2974,2109240,2654837
1777,2113637,2246477
1425,2113637,2246477
2661,2117332,2069664
2505,2117332,2089302
1093,2117363,2246477
2092,2118372,2089302
2663,2118372,2089302
1587,2126000,1806935
779,2130000,1622970
1708,2132573,2246477
1962,2132573,2246477
1583,2132573,2246477
1848,2132573,2246477
1864,2132573,2246477
1933,2132573,2246477
1901,2134774,2246477
1772,2134774,2246477
2611,2135591,2089302
1546,2139192,2089302
1780,2139192,2089302
2436,2143234,2246477
1830,2143234,2246477
2304,2143234,2246477
2415,2143234,2246477
2908,2143260,2089302
776,2147234,2089302
2485,2147317,2089302
2252,2150000,1622970
626,2150000,2042500
2933,2159850,2654837
2080,2162590,2089302
2816,2165000,1622970
1617,2170000,1806935
2352,2170303,2246477
2296,2170303,2246477
2398,2170303,2246477
2087,2170303,2246477
2003,2170303,2359923
2095,2170303,2246477
2462,2170303,2246477
2118,2173080,2089302
629,2173428,2089302
931,2175669,2399132
1492,2176447,2089302
1495,2176447,1988028
2124,2195596,2654837
2929,2198340,2399132
2300,2199436,2246477
2357,2199436,2359923
2035,2199436,2246477
2145,2199436,2246477
2384,2199436,2246477
2586,2199436,2246477
2199,2199436,2246477
2103,2199436,2246477
2249,2199436,2359923
2056,2199436,2246477
2233,2199436,2246477
2085,2199436,2246477
2288,2199436,2246477
2256,2199436,2246477
2132,2199436,2246477
1955,2199436,2246477
2267,2199436,1988028
2076,2199436,2246477
2060,2199436,2359923
2726,2200000,1806935
1706,2200000,1806935
792,2200000,1806935
66,2200000,1514597
184,2200000,1514597
1251,2200000,2399132
1902,2200000,1806935
2547,2200000,2399132
1355,2200000,1806935
1357,2200000,1806935
644,2200000,2399132
595,2200000,1806935
2286,2201706,2246477
2246,2201706,2246477
2488,2205352,2089302
2271,2205352,2089302
2318,2205352,2089302
1826,2210000,1806935
2604,2211300,2089302
2828,2211300,2089302
2421,2220800,2089302
2928,2221760,2089302
2409,2222110,2246477
2381,2231970,2246477
1167,2235600,2399132
363,2235600,1514597
1529,2237673,2089302
3008,2240000,2399132
699,2244000,1806935
2405,2250000,1806935
2732,2250000,1806935
459,2250000,1622970
2331,2250000,1806935
2922,2250000,1806935
2598,2254821,2069664
2915,2254821,2069664
2869,2258508,2089302
2479,2263388,2089302
2467,2263388,2246477
1890,2272032,2399132
1629,2273710,2089302
2390,2279940,2089302
163,2285500,2238457
2374,2293413,1622970
2520,2298338,2246477
2865,2300000,1622970
943,2300000,1806935
1726,2300000,1806935
2730,2300000,1806935
1590,2300000,1806935
1027,2300000,1806935
835,2300000,1622970
2594,2300000,1806935
512,2300000,1806935
2182,2300000,1806935
2880,2300000,1622970
2873,2305432,2089302
2609,2305805,2246477
2535,2305805,2246477
2629,2305805,2246477
2513,2305805,2246477
2553,2305805,2089302
2605,2312304,2089302
2606,2312304,2089302
5,2312800,1514597
1493,2322551,1622970
2471,2325569,2089302
2600,2330452,2246477
705,2332891,2612313
728,2332891,2612313
2420,2333925,2654837
2555,2335975,2246477
1822,2340000,2399132
1205,2345000,1806935
2877,2350000,1622970
2539,2350000,1622970
1905,2356414,2089302
2036,2356414,2089302
871,2357000,1806935
1214,2358750,1806935
2155,2364750,2089302
1831,2365128,2089302
2308,2365128,2089302
1539,2366410,2399132
2582,2369495,2246477
2524,2369495,2246477
932,2370275,2654837
2658,2394300,2089302
2738,2394300,2089302
3003,2394300,2089302
3024,2394300,2654837
2634,2394300,2089302
2237,2394300,2089302
2685,2394300,2089302
970,2394521,2654837
1048,2397611,2684299
2464,2400000,1806935
873,2400000,1806935
2818,2400000,1806935
1221,2400000,2399132
1573,2400000,2654837
951,2400000,1806935
2725,2400000,2848640
846,2400000,2654837
1304,2400000,1806935
1240,2400000,1806935
369,2400000,1514597
1114,2400600,2399132
1074,2400600,2399132
1092,2400600,2399132
1603,2408000,1806935
2811,2408477,2089302
2640,2408477,2089302
2807,2408625,2089302
1308,2413096,2654837
933,2419860,2654837
606,2420035,1806935
2692,2422315,2246477
2736,2422315,2246477
2698,2422315,2246477
2511,2422315,2246477
2712,2422315,2246477
2683,2422315,2246477
2680,2422315,2246477
2763,2422315,2246477
2965,2422315,2246477
2993,2422315,2246477
810,2426808,2654837
2516,2427368,2089302
900,2427634,2654837
1039,2427634,2399132
1139,2430775,2612313
1024,2435073,2654837
910,2435073,2654837
3006,2446787,2246477
1194,2450000,2399132
1509,2450000,2399132
244,2450000,2450000
1011,2450305,2654837
2707,2451945,2246477
2650,2451945,2246477
1033,2456622,2654837
812,2457198,2654837
780,2457198,2654837
1373,2459000,2399132
2861,2460405,2654837
1137,2461794,2654837
1245,2465566,2654837
781,2465566,2654837
1041,2473800,2654837
393,2475000,1514597
2108,2477925,2710939
3011,2483200,2684299
1576,2488591,2654837
2901,2492000,2399132
2984,2496721,2246477
1538,2496912,2654837
2806,2500000,1806935
83,2500000,2238457
446,2500000,1806935
466,2500000,1806935
2276,2500000,2399132
817,2500000,2246477
891,2500000,1622970
706,2500000,1806935
1040,2500000,1806935
1827,2500000,1806935
1967,2500000,1622970
392,2500000,1223013
1175,2500000,2042500
2679,2500000,1806935
1658,2500000,1806935
864,2500000,1806935
2149,2500000,1806935
2674,2500000,1622970
968,2500000,1806935
2943,2500000,1806935
451,2500000,1806935
1501,2500000,1806935
448,2500000,2654837
2137,2500000,1806935
1799,2500000,1622970
1488,2500000,1806935
1353,2500000,1806935
869,2500000,1806935
1177,2500000,1806935
1700,2500000,1806935
1197,2500000,1622970
439,2500000,2238457
208,2500000,2238457
767,2500000,1806935
766,2500000,1806935
1435,2500000,1806935
170,2500000,1953003
2853,2500000,1806935
1600,2500000,1806935
2053,2500000,1806935
1918,2500000,1806935
1409,2500000,1622970
949,2500000,2042500
946,2500000,1806935
2316,2500000,1622970
1015,2500000,2399132
2081,2500000,1806935
1457,2500000,1622970
2571,2500000,1806935
915,2500000,1806935
627,2500000,1622970
1985,2500000,1622970
609,2500000,1622970
2231,2500000,2399132
2097,2500000,1622970
281,2500000,1898167
2973,2500000,1806935
2004,2500000,1806935
2619,2500000,1622970
331,2500000,1953003
2457,2500000,2042500
1036,2501660,2654837
1411,2501660,1806935
1588,2503764,2654837
2876,2503900,2654837
2999,2507450,2654837
2953,2508800,2654837
2960,2511697,2246477
2668,2513900,2654837
603,2517200,1806935
1982,2518800,2654837
1980,2518800,2654837
3002,2519858,2246477
1042,2520630,2399132
2454,2522836,2710939
740,2524979,2654837
2077,2525597,2710939
2339,2528400,2399132
907,2529410,2654837
2963,2533300,2654837
2986,2533300,2654837
1173,2533790,2654837
2367,2535876,2710939
1940,2543300,2654837
2356,2543300,2654837
2038,2543300,2654837
2875,2543433,2246477
2948,2543433,2359923
2798,2543433,2359923
2927,2544340,2246477
1458,2548200,2399132
508,2550000,1806935
911,2550000,2562232
1569,2552421,2684299
1528,2552421,2654837
1563,2553615,2654837
2838,2555000,2654837
2504,2555450,2089302
1288,2555661,2654837
1553,2558485,2612313
693,2558700,2654837
1574,2559283,2612313
2961,2560000,2654837
1215,2562205,2654837
1819,2562205,2654837
1146,2562205,2654837
1552,2563567,2654837
2952,2567916,2246477
617,2570500,2816464
2440,2574464,2562232
1682,2578500,2399132
1789,2581519,2399132
1452,2584064,2612313
2957,2585000,2654837
1846,2585000,2612313
1723,2585000,2654837
2932,2590000,2042500
2107,2592414,2654837
2227,2598328,2684299
1429,2600000,2042500
621,2600000,1806935
13,2600000,2238457
2327,2600000,2399132
347,2600000,1514597
2072,2600000,2399132
394,2600000,1514597
492,2600000,1622970
491,2600000,1806935
2981,2600000,2654837
2691,2600000,1806935
862,2600000,1806935
2418,2602673,2824953
2463,2602673,2710939
1616,2612319,2612313
1657,2612319,2612313
1679,2622250,2684299
1296,2623727,2654837
1163,2623727,2654837
825,2626800,2651133
2115,2626800,2626800
1333,2628673,2654837
1037,2630000,1806935
12,2630000,1514597
1241,2630000,2399132
395,2633333,1514597
1672,2638436,2612313
1970,2638436,2612313
2934,2638642,2246477
837,2640000,2734867
721,2640000,2651133
2830,2640000,2399132
1865,2650000,2399132
1652,2663984,2612313
1613,2663984,2359923
2274,2664657,1806935
1364,2669188,2654837
1050,2674649,2654837
2855,2674912,2246477
1172,2675843,2654837
958,2680000,2399132
2530,2682509,2710939
807,2686600,2651133
2835,2687156,2089302
2758,2687995,1622970
1978,2688400,2399132
2257,2689984,2710939
2564,2693626,2710939
527,2700000,1806935
1709,2700000,1806935
2618,2700000,2399132
287,2700000,1514597
2624,2700000,2824953
1854,2700000,1622970
819,2700000,2407333
2094,2700000,1806935
2644,2700000,1622970
1159,2700000,1806935
2268,2700432,2654837
556,2716000,2407333
661,2716000,2710939
724,2716000,2816464
656,2716000,2816464
505,2716000,2407333
598,2716000,2407333
532,2716000,2816464
663,2716000,2407333
577,2716000,2407333
639,2716000,2710939
630,2716000,2407333
525,2716000,2407333
477,2716000,2407333
561,2716000,2816464
647,2716000,2816464
564,2716000,2407333
707,2716100,2399132
467,2716666,1806935
2721,2717400,2399132
912,2719200,2909000
1788,2724630,1806935
380,2725000,1953003
192,2735000,2238457
870,2739800,2734867
2826,2744643,1806935
1370,2744820,2654837
2242,2748138,2848640
246,2750000,2238457
361,2750000,2238457
937,2750000,2824953
1186,2750000,2684299
124,2750000,1514597
747,2753900,2399132
2989,2755137,2399132
698,2756612,2654837
2499,2760000,2848640
1103,2763450,2399132
2329,2767177,2710939
791,2769158,2654837
867,2769158,2654837
979,2772000,2824953
180,2775000,1514597
1051,2784410,2399132
2890,2785473,2654837
2907,2785473,2654837
2886,2785473,2654837
1662,2785826,2654837
2448,2790189,1806935
2975,2793770,2654837
2297,2795473,2654837
2705,2795473,2654837
1860,2796000,1806935
2590,2800000,2399132
816,2800000,1806935
560,2800000,1806935
1153,2800000,1806935
1500,2800000,2800000
500,2800000,2407333
495,2800000,2407333
1953,2800000,1622970
487,2800000,2399132
2542,2800000,2800000
2033,2800000,1806935
939,2800000,1806935
2839,2803416,1622970
2126,2804100,2848640
1681,2809000,2399132
929,2816740,2654837
2397,2819170,2654837
828,2824800,2734867
1376,2830000,2399132
2110,2832494,2654837
1305,2832494,2654837
1182,2832494,2654837
1136,2832741,2654837
2533,2842639,2654837
2731,2844525,2399132
2508,2846014,2654837
1984,2847100,2848640
1427,2847100,2684299
153,2850000,1514597
376,2850000,1514597
1007,2850000,1622970
2265,2851000,2654837
950,2851200,2909000
782,2853888,1806935
1519,2856000,2909000
1941,2856000,2909000
2263,2857635,2848640
2432,2857977,2654837
2452,2858209,2848640
599,2859202,2654837
745,2859202,1806935
756,2859202,1806935
718,2859202,2654837
2669,2859584,2710939
2982,2860197,2089302
2655,2862161,1806935
751,2862390,2654837
703,2862390,2654837
212,2864000,2238457
725,2864850,2654837
615,2864850,2654837
669,2864850,2654837
1366,2865110,2654837
805,2869050,2848640
2572,2870000,1622970
498,2875000,1622970
1844,2876500,2399132
938,2877000,2909000
2127,2880867,2612313
856,2884032,2399132
1991,2884034,2848640
736,2888090,2654837
789,2893800,2612313
1903,2896143,2654837
1945,2896598,1806935
691,2899800,2654837
1771,2900000,1806935
22,2900000,1898167
957,2904000,2909000
2226,2906737,2848640
1698,2907426,2654837
1952,2908763,2612313
2346,2908763,2612313
671,2910000,2816464
652,2910000,2816464
471,2910000,2816464
651,2910000,2816464
605,2910000,2407333
622,2910000,2816464
545,2910000,2407333
613,2910000,2816464
680,2910000,2816464
631,2910000,2816464
884,2910400,2909000
2710,2916960,2654837
709,2920500,2848640
730,2920500,1806935
909,2922350,1806935
650,2922350,1806935
2449,2931354,2848640
2365,2932870,2654837
2032,2932870,2654837
2340,2935219,2684299
2212,2935219,2654837
1776,2936127,1806935
1655,2936719,1806935
667,2937092,2848640
2887,2937150,2710939
2709,2937150,2710939
935,2937600,2909000
687,2937650,2848640
1439,2937917,2654837
1479,2938008,2684299
1530,2938008,2654837
1545,2938008,2684299
2848,2940000,1806935
582,2946500,2654837
1469,2948820,2399132
2840,2949976,2654837
764,2950000,2824953
1401,2950000,2654837
658,2950300,1622970
785,2954800,2848640
716,2954800,1622970
2744,2954879,2399132
921,2956200,2399132
992,2956800,2909000
977,2956800,2909000
365,2960370,2654837
536,2961840,2848640
960,2969823,2654837
947,2969823,2654837
2870,2970036,1806935
899,2975150,2399132
2893,2977151,2654837
676,2979870,1806935
215,2980000,1514597
2473,2980551,2612313
1306,2983302,2654837
2323,2987151,2654837
2407,2987151,2654837
2298,2987151,2654837
2394,2987151,2654837
2138,2987151,2654837
2229,2987151,2654837
1802,2988036,2654837
106,2990000,1514597
1396,2990000,1806935
557,2990000,1622970
2335,2990000,1622970
945,2992000,2909000
742,2994928,2399132
727,2995939,2399132
803,2999560,2654837
1834,2999730,2654837
413,3000000,1953003
2792,3000000,1806935
2946,3000000,1806935
2910,3000000,1622970
35,3000000,1514597
93,3000000,1953003
2950,3000000,1806935
2773,3000000,1806935
307,3000000,1514597
2914,3000000,1622970
419,3000000,1953003
2789,3000000,1806935
2847,3000000,1806935
447,3000000,1806935
2846,3000000,1866307
323,3000000,1953003
2850,3000000,1806935
2900,3000000,1806935
2935,3000000,1622970
298,3000000,1514597
2917,3000000,1806935
2945,3000000,1806935
2940,3000000,1806935
81,3000000,1514597
216,3000000,1514597
377,3000000,2238457
203,3000000,1514597
185,3000000,1514597
2796,3000000,2654837
2778,3000000,1806935
2983,3000000,1806935
59,3000000,1953003
2783,3000000,1806935
2995,3000000,1806935
2863,3000000,1806935
2871,3000000,1806935
2874,3000000,1622970
372,3000000,1514597
384,3000000,1953003
2820,3000000,1806935
2785,3000000,1806935
327,3000000,1514597
236,3000000,1953003
2822,3000000,1806935
78,3000000,1157077
257,3000000,1514597
2985,3000000,1806935
2860,3000000,1806935
2998,3000000,1806935
2898,3000000,1806935
2837,3000000,1806935
354,3000000,1514597
2815,3000000,1806935
2972,3000000,1806935
299,3000000,1514597
2836,3000000,1806935
308,3000000,1514597
2795,3000000,1622970
54,3000000,2238457
367,3000000,1514597
2833,3000000,1806935
2819,3000000,1806935
2832,3000000,1806935
2831,3000000,1806935
313,3000000,1514597
2926,3000000,1806935
1663,3000000,1806935
462,3000000,1622970
2015,3000000,1806935
2012,3000000,1806935
1284,3000000,1806935
1295,3000000,1622970
1998,3000000,2824953
1300,3000000,1806935
1307,3000000,1622970
1971,3000000,1806935
1969,3000000,1622970
1966,3000000,1806935
1335,3000000,1622970
1339,3000000,1806935
1960,3000000,2069664
1279,3000000,1622970
1347,3000000,1806935
1349,3000000,1622970
1359,3000000,1806935
1939,3000000,1806935
1360,3000000,1806935
1937,3000000,1806935
1936,3000000,1806935
1935,3000000,1806935
1932,3000000,1806935
1363,3000000,1806935
1930,3000000,1622970
1367,3000000,1806935
1922,3000000,1806935
1374,3000000,1806935
1956,3000000,1806935
1278,3000000,1806935
2018,3000000,1622970
1275,3000000,1806935
1157,3000000,2824953
1158,3000000,1806935
2120,3000000,1806935
2116,3000000,1806935
1165,3000000,1806935
2111,3000000,1806935
1181,3000000,1622970
2096,3000000,1622970
2093,3000000,2909000
1187,3000000,1806935
1200,3000000,1806935
1202,3000000,1806935
1208,3000000,1806935
1209,3000000,1806935
1211,3000000,2909000
2063,3000000,1622970
2061,3000000,1622970
2057,3000000,1806935
1231,3000000,1806935
1242,3000000,1806935
1244,3000000,1806935
1249,3000000,1806935
1261,3000000,1622970
1262,3000000,1622970
1267,3000000,1806935
1271,3000000,1806935
2025,3000000,1806935
2024,3000000,1622970
2023,3000000,1806935
1387,3000000,1806935
1909,3000000,1806935
1896,3000000,1622970
1892,3000000,1806935
1531,3000000,1806935
1765,3000000,1806935
1759,3000000,1806935
1754,3000000,1622970
1562,3000000,1806935
1748,3000000,1806935
1564,3000000,1622970
1746,3000000,1622970
1565,3000000,1622970
1567,3000000,1806935
1737,3000000,1622970
1724,3000000,1806935
1722,3000000,1806935
1601,3000000,1622970
1608,3000000,1806935
1611,3000000,1806935
1710,3000000,1806935
1707,3000000,1806935
1695,3000000,1622970
1630,3000000,1806935
1637,3000000,1622970
1684,3000000,1806935
1644,3000000,1806935
1647,3000000,1806935
1648,3000000,2684299
1673,3000000,1806935
1656,3000000,1806935
1660,3000000,1806935
1664,3000000,2399132
1778,3000000,1622970
1154,3000000,1806935
1521,3000000,1806935
1513,3000000,1806935
1422,3000000,1806935
1882,3000000,1806935
1880,3000000,1806935
1879,3000000,2710939
1441,3000000,1806935
1442,3000000,2654837
1866,3000000,1806935
1444,3000000,1806935
1862,3000000,1806935
1445,3000000,1806935
1446,3000000,1806935
1451,3000000,1622970
1847,3000000,1806935
1454,3000000,1806935
1841,3000000,1622970
1840,3000000,1622970
1829,3000000,1806935
1825,3000000,1622970
1481,3000000,1806935
1816,3000000,1806935
1483,3000000,1806935
1813,3000000,1806935
1485,3000000,1806935
1808,3000000,1806935
1795,3000000,1806935
1502,3000000,1806935
1506,3000000,1806935
1507,3000000,1806935
1510,3000000,1806935
1518,3000000,1806935
452,3000000,1622970
2129,3000000,1806935
2134,3000000,1806935
2592,3000000,1622970
2589,3000000,1806935
2584,3000000,1806935
2581,3000000,1622970
2580,3000000,1806935
2579,3000000,1622970
2561,3000000,1806935
674,3000000,1806935
2554,3000000,1806935
704,3000000,1622970
2529,3000000,1622970
2527,3000000,1806935
2525,3000000,1806935
642,3000000,1806935
719,3000000,1806935
2496,3000000,1806935
2495,3000000,1806935
2492,3000000,1806935
758,3000000,1806935
765,3000000,1806935
2468,3000000,1806935
787,3000000,1806935
788,3000000,1806935
2451,3000000,1806935
800,3000000,2089302
2426,3000000,1806935
2425,3000000,1806935
827,3000000,1806935
743,3000000,1806935
2603,3000000,1806935
2608,3000000,1806935
2613,3000000,1806935
2747,3000000,1806935
2746,3000000,1806935
478,3000000,1806935
480,3000000,1622970
2741,3000000,1806935
2740,3000000,1622970
2737,3000000,1622970
2735,3000000,1806935
485,3000000,1806935
489,3000000,1622970
2723,3000000,1806935
493,3000000,1806935
2717,3000000,1806935
2716,3000000,1806935
2701,3000000,1806935
2697,3000000,1806935
2696,3000000,1622970
2694,3000000,1806935
2686,3000000,1806935
534,3000000,2684299
535,3000000,2684299
2677,3000000,1806935
2656,3000000,1622970
575,3000000,1622970
2645,3000000,1622970
2642,3000000,1806935
602,3000000,2654837
2630,3000000,1622970
624,3000000,1622970
829,3000000,1806935
2392,3000000,1622970
865,3000000,1806935
2376,3000000,1806935
1054,3000000,1806935
2208,3000000,1806935
2207,3000000,1806935
1057,3000000,1806935
2205,3000000,1806935
1062,3000000,1806935
1063,3000000,1622970
1067,3000000,2684299
2191,3000000,1622970
2186,3000000,1806935
1087,3000000,1806935
2183,3000000,1806935
1094,3000000,1806935
1096,3000000,1806935
2175,3000000,2069664
1101,3000000,1622970
1105,3000000,1806935
2166,3000000,1806935
1116,3000000,1806935
2161,3000000,1806935
2158,3000000,1622970
1120,3000000,1806935
1126,3000000,1806935
1127,3000000,1622970
1133,3000000,1806935
2143,3000000,1806935
1138,3000000,1622970
2141,3000000,1806935
2139,3000000,1622970
1052,3000000,1806935
2133,3000000,1806935
1044,3000000,1806935
2221,3000000,1806935
2371,3000000,1425069
890,3000000,1622970
901,3000000,1806935
913,3000000,1622970
2349,3000000,1806935
918,3000000,1622970
2345,3000000,1806935
2328,3000000,1806935
2321,3000000,1806935
2320,3000000,1806935
2315,3000000,1806935
2311,3000000,1806935
2309,3000000,1622970
953,3000000,1806935
2302,3000000,1806935
965,3000000,1806935
2294,3000000,1806935
2292,3000000,1622970
972,3000000,1806935
983,3000000,1622970
993,3000000,1806935
999,3000000,1622970
2264,3000000,1806935
2245,3000000,1806935
2243,3000000,1806935
2240,3000000,1866307
1030,3000000,1806935
1035,3000000,1806935
2224,3000000,2399132
2219,3000000,1622970
919,3000000,1806935
